1;Katlynn;Hyatt;(123) 6567-9242;katlynnhyatt@test.com;Montreal, Canadá
2;Juanita;Lind;(123) 8592-2238;juanitalind@test.com;Hannover, Alemania
3;Estrella;Reichel;(123) 4696-4386;estrellareichel@test.com;Melbourne, Australia
4;Marc;Emard;(123) 4322-4462;marcemard@test.com;San José, Costa Rica
5;Camren;Marks;(123) 9291-7517;camrenmarks@test.com;Río de Janeiro, Brasil
6;Brandi;Dibbert;(123) 6851-6846;brandidibbert@test.com;Guadalajara, México
7;Wallace;Lubowitz;(123) 6432-2244;wallacelubowitz@test.com;San Miguelito, Panamá
8;Corene;Ullrich;(123) 9749-6374;coreneullrich@test.com;San Francisco, Estados Unidos
9;Alexa;Lynch;(123) 2314-9754;alexalynch@test.com;Cali, Colombia
10;Cleta;Gutmann;(123) 6622-3153;cletagutmann@test.com;Cali, Colombia
11;Manuel;Walsh;(123) 8263-6379;manuelwalsh@test.com;Guadalajara, México
12;Trudie;Pouros;(123) 2162-2162;trudiepouros@test.com;Bogotá, Colombia
13;Gladyce;Trantow;(123) 8744-9396;gladycetrantow@test.com;Toronto, Canadá
14;Mariam;Baumbach;(123) 2383-7126;mariambaumbach@test.com;Venecia, Italia
15;Marilie;Metz;(123) 7565-7264;mariliemetz@test.com;Sevilla, España
16;Angelina;Sawayn;(123) 1287-8174;angelinasawayn@test.com;Sidney, Australia
17;Aiyana;Goldner;(123) 8222-7892;aiyanagoldner@test.com;Kioto, Japón
18;Assunta;Raynor;(123) 9238-2589;assuntaraynor@test.com;Lucerna, Suiza
19;Kennith;Blanda;(123) 9825-2935;kennithblanda@test.com;Nueva York, Estados Unidos
20;George;Weissnat;(123) 6599-8313;georgeweissnat@test.com;Berlin, Alemania
21;Terry;Russel;(123) 4977-5266;terryrussel@test.com;Graz, Austria
22;yaneth;aquino;(123)9758-4512;yanaquinoh@upt.pe;
23;Alba;Herrero;(123) 6567-9242;albaherrero@test.com;Berlin, Alemania
24;Pedro;Ochoa;(123) 5593-2234;pedroochoa@test.com;Guadalajara, México
25;Sara;Villa;(123) 8696-5383;saravilla@test.com;Cali, Colombia
26;Jordi;Vargas;(123) 7323-3463;jordivargas@test.com;Alajuela, Costa Rica
27;Roberto;Padilla;(123) 2291-2512;robertopadilla@test.com;Lucerna, Suiza
